<?xml version="1.0" encoding="UTF-8"?>
<metadata xml:lang="en"><Esri><CreaDate>20251203</CreaDate><CreaTime>12030400</CreaTime><ArcGISFormat>1.0</ArcGISFormat><SyncOnce>TRUE</SyncOnce><ModDate>20251203</ModDate><ModTime>120304</ModTime></Esri><toolbox name="code-sharing-assignment" alias="simple_join_plot"><arcToolboxHelpPath>c:\users\cbynum\appdata\local\programs\arcgis\pro\Resources\Help\gp</arcToolboxHelpPath><toolsets/></toolbox><dataIdInfo><idCitation><resTitle>code-sharing-assignment</resTitle></idCitation></dataIdInfo><distInfo><distributor><distorFormat><formatName>ArcToolbox Toolbox</formatName></distorFormat></distributor></distInfo></metadata>
